timestamp,frame_number,x1,y1,x2,y2,center_x,center_y,court_relative_x,court_relative_y,court_position_x_meters,court_position_y_meters,prev_x,prev_y,distance_pixels,distance_meters,speed_ms,speed_kmh,estimated_height_meters,distance_to_net_meters,court_region
2024-01-01 00:00:00.033330,1,895.4452514648438,618.047607421875,912.2303466796875,635.4603881835938,903.8377990722656,626.7539978027344,2.0174950872148787,1.8653392791748047,22.13192110674722,44.32046127319336,,,,,,,2.0,32.44046127319336,behind_near_baseline
2024-01-01 00:00:00.066660,2,873.9142456054688,638.284423828125,895.6679077148438,659.1405029296875,884.7910766601562,648.7124633789062,1.974980081830706,1.930691855294364,21.665531497682846,45.87323848179409,903.8377990722656,626.7539978027344,29.06805540630255,0.7117780531409352,21.353341594228056,76.872029739221,2.0,33.99323848179409,behind_near_baseline
2024-01-01 00:00:00.099990,3,860.0900268554688,645.889404296875,881.661865234375,670.2574462890625,870.8759460449219,658.0734252929688,1.9439195224217005,1.9585518609909784,21.324797160966057,46.53519221714565,884.7910766601562,648.7124633789062,16.77076229619756,0.4106590678332305,12.319772034996914,44.351179325988895,2.0,34.65519221714565,behind_near_baseline
2024-01-01 00:00:00.199980,6,822.558349609375,687.126953125,837.773681640625,703.3621826171875,830.166015625,695.2445678710938,1.8530491420200892,2.0691802615211126,20.32794908796038,49.16372301374164,870.8759460449219,658.0734252929688,55.12705574722976,1.3498745570248003,40.49623671074401,145.78645215867843,2.0,37.283723013741636,behind_near_baseline
2024-01-01 00:00:00.233310,7,812.8359985351562,693.7373657226562,832.3270263671875,716.30908203125,822.5815124511719,705.0232238769531,1.8361194474356515,2.0982834043956937,20.1422303383691,49.85521368844169,830.166015625,695.2445678710938,12.375249560099325,0.30302787427296785,9.090836228189035,32.72701042148053,2.0,37.975213688441684,behind_near_baseline
2024-01-01 00:00:00.266640,8,797.4115600585938,717.6558837890625,814.825439453125,738.77197265625,806.1184997558594,728.2139282226562,1.7993716512407576,2.1673033578055247,19.739107014111113,51.495127781459274,822.5815124511719,705.0232238769531,28.44010469488174,0.6964016707652961,20.892050122958885,75.21138044265199,2.0,39.61512778145927,behind_near_baseline
2024-01-01 00:00:00.333300,10,768.9204711914062,759.4070434570312,787.9991455078125,779.7727661132812,778.4598083496094,769.5899047851562,1.737633500780378,2.2904461451939175,19.061839503560748,54.42100040980748,806.1184997558594,728.2139282226562,49.76921384557643,1.2186791872454765,36.56037561736429,131.61735222251147,2.0,42.54100040980748,behind_near_baseline
2024-01-01 00:00:00.366630,11,776.865966796875,717.3300170898438,796.8065185546875,738.3931884765625,786.8362426757812,727.8616027832031,1.756330898829869,2.1662547701881048,19.266949960163664,51.47021333966937,778.4598083496094,769.5899047851562,42.56073119657222,1.0421679045232082,31.265037135696247,112.5541336885065,2.0,39.59021333966937,behind_near_baseline
2024-01-01 00:00:00.433290,13,794.0425415039062,645.8488159179688,814.6254272460938,669.4090576171875,804.333984375,657.6289367675781,1.7953883579799108,1.9572289784749348,19.69541028703962,46.503760528564456,786.8362426757812,727.8616027832031,72.37954365865335,1.7723294507487215,53.169883522461646,191.41158068086193,2.0,34.62376052856445,behind_near_baseline
2024-01-01 00:00:00.466620,14,802.1651000976562,607.8372802734375,821.5535888671875,626.939453125,811.8593444824219,617.3883666992188,1.8121860367911202,1.837465377081008,19.87968082359859,43.65817735944476,804.333984375,657.6289367675781,40.93817929723936,1.0024371135953478,30.073113407860433,108.26320826829756,2.0,31.778177359444754,behind_near_baseline
2024-01-01 00:00:00.499950,15,815.6656494140625,570.2180786132812,831.7080688476562,587.182373046875,823.6868591308594,578.7002258300781,1.8385867391313826,1.7223221006847562,20.169296528271268,40.92237311226981,811.8593444824219,617.3883666992188,40.45568373751051,0.9906224343760944,29.718673031282833,106.98722291261821,2.0,29.042373112269807,behind_near_baseline
2024-01-01 00:00:00.533280,16,817.920654296875,550.3412475585938,836.8665771484375,572.6372680664062,827.3936157226562,561.4892578125,1.846860749380929,1.6710989815848214,20.260062420708792,39.705311802455356,823.6868591308594,578.7002258300781,17.605608894125947,0.43110162850125366,12.93304885503761,46.5589758781354,2.0,27.825311802455353,behind_near_baseline
2024-01-01 00:00:00.566610,17,826.039306640625,523.3566284179688,842.9197998046875,537.5077514648438,834.4795532226562,530.4321899414062,1.8626775741577148,1.578667231968471,20.433572988510132,37.50913343157087,827.3936157226562,561.4892578125,31.855171872140794,0.7800250791013047,23.40075237303914,84.2427085429409,2.0,25.62913343157087,behind_near_baseline
2024-01-01 00:00:00.766590,23,864.4266357421875,401.8250427246094,878.4759521484375,415.1029357910156,871.4512939453125,408.4639892578125,1.9452037811279297,1.2156666346958704,21.33888547897339,28.884239240373883,834.4795532226562,530.4321899414062,127.44862333527466,3.1207843705088463,93.6235311152654,337.04471201495545,1.9313332693917409,17.004239240373884,behind_near_baseline
2024-01-01 00:00:00.833250,25,871.6708374023438,379.7630310058594,882.8516235351562,392.2004699707031,877.26123046875,385.98175048828125,1.958172389439174,1.1487552097865514,21.48115111214774,27.294423784528465,871.4512939453125,408.4639892578125,23.22081873010913,0.5685990657796811,17.057971973390433,61.40869910420556,1.7975104195731029,15.414423784528465,behind_near_baseline
2024-01-01 00:00:00.966570,29,889.1182250976562,332.68560791015625,903.0888061523438,347.915283203125,896.103515625,340.3004455566406,2.0002310616629466,1.0127989451090496,21.942534746442526,24.06410293579102,877.26123046875,385.98175048828125,49.414707630086944,1.2099985328170844,36.29995598451253,130.6798415442451,1.525597890218099,12.184102935791019,behind_near_baseline
2024-01-01 00:00:00.999900,30,895.3753051757812,327.2961120605469,906.6926879882812,340.0549011230469,901.0339965820312,333.6755065917969,2.0112365995134627,0.9930818648565383,22.063265496662687,23.59562510899135,896.103515625,340.3004455566406,8.258296359150158,0.2022176586157974,6.066529758473922,21.83950713050612,1.4861637297130765,11.715625108991349,behind_near_baseline
2024-01-01 00:00:01.033230,31,897.4423828125,324.1624450683594,908.5535888671875,337.8237609863281,902.9979858398438,330.99310302734375,2.0156205041067943,0.9850985209147135,22.111356930051535,23.405940856933594,901.0339965820312,333.6755065917969,3.3245364620340268,0.08140661827793141,2.4421985483379425,8.791914774016593,1.470197041829427,11.525940856933593,behind_near_baseline
2024-01-01 00:00:01.299870,39,921.5408935546875,304.8014831542969,930.4281005859375,314.6234436035156,925.9844970703125,309.71246337890625,2.066929680960519,0.9217632838657924,22.674218600136896,21.90109562465123,902.9979858398438,330.99310302734375,31.32483555256302,0.767038941990215,23.01116825970645,82.84020573494323,1.3435265677315849,10.02109562465123,behind_near_baseline
2024-01-01 00:00:01.333200,40,921.5603637695312,304.3692321777344,931.7146606445312,314.9925842285156,926.6375122070312,309.680908203125,2.068387304033552,0.9216693696521577,22.690208725248066,21.89886422293527,925.9844970703125,309.71246337890625,0.6537771010844547,0.016008783033251046,0.4802634909975314,1.7289485675911132,1.3433387393043155,10.01886422293527,behind_near_baseline
2024-01-01 00:00:01.499850,45,934.220947265625,309.2342834472656,949.8901977539062,325.45550537109375,942.0555725097656,317.3448944091797,2.1028026172092984,0.9444788524082729,23.067744710786005,22.440817533220564,926.6375122070312,309.680908203125,17.21781833059433,0.42160595331834777,12.648178599550434,45.53344295838156,1.3889577048165458,10.560817533220563,behind_near_baseline
2024-01-01 00:00:01.533180,46,935.1817016601562,309.623779296875,951.19775390625,328.39044189453125,943.1897277832031,319.0071105957031,2.1053342138017928,0.9494259243919736,23.09551632540567,22.558359963553293,942.0555725097656,317.3448944091797,2.012280009095804,0.049273910044153955,1.4782173013246187,5.321582284768628,1.3988518487839472,10.678359963553293,behind_near_baseline
2024-01-01 00:00:01.666500,50,942.381591796875,278.572998046875,955.385009765625,292.7205505371094,948.88330078125,285.6467742919922,2.1180430821010043,0.8501392092023577,23.23493261064802,20.19930761064802,943.1897277832031,319.0071105957031,33.84270692159217,0.8286930690398797,24.860792071196393,89.49885145630702,1.2002784184047155,8.31930761064802,near_court
2024-01-01 00:00:01.699830,51,943.698486328125,262.3193664550781,957.1473999023438,279.2846374511719,950.4229431152344,270.802001953125,2.1214797837393626,0.8059583391462054,23.27263322762081,19.14957013811384,948.88330078125,285.6467742919922,14.924401639911506,0.36544795979872596,10.963438793961778,39.4683796582624,1.1119166782924108,7.26957013811384,near_court
2024-01-01 00:00:01.733160,52,945.1557006835938,260.5910949707031,955.0924682617188,270.554443359375,950.1240844726562,265.57276916503906,2.1208126885550365,0.790395146324521,23.26531519344875,18.77978867667062,950.4229431152344,270.802001953125,5.23776593981028,0.12825511687437224,3.8476535062311674,13.851552622432203,1.080790292649042,6.899788676670619,near_court
2024-01-01 00:00:01.766490,53,944.5079956054688,249.00526428222656,956.9967041015625,265.5333557128906,950.7523498535156,257.2693099975586,2.122215066637312,0.7656824702308291,23.280699281011312,18.192615492684503,950.1240844726562,265.57276916503906,8.32719349689929,0.20390471576112768,6.11714147283383,22.02170930220179,1.0313649404616583,6.312615492684502,near_court
2024-01-01 00:00:01.833150,55,945.50537109375,235.54537963867188,955.1722412109375,244.97434997558594,950.3388061523438,240.2598648071289,2.1212919780186246,0.7150591214497884,23.270572998864314,16.989804725646973,950.7523498535156,257.2693099975586,17.014471607399702,0.4166266819936936,12.49880045981081,44.99568165531891,0.9301182428995769,5.109804725646972,near_court
2024-01-01 00:00:01.866480,56,944.6506958007812,231.89891052246094,956.10888671875,243.81568908691406,950.3797912597656,237.8572998046875,2.1213834626334056,0.7079086303710938,23.27157658508846,16.81990905761719,950.3388061523438,240.2598648071289,2.402914557362924,0.05883922476399838,1.7651767429199514,6.354636274511825,0.9158172607421875,4.939909057617188,near_court
2024-01-01 00:00:02.033130,61,897.7274780273438,254.57923889160156,913.4353637695312,269.2491455078125,905.5814208984375,261.91419219970703,2.0213871002197266,0.77950652440389,22.1746164894104,18.521075019836427,950.3797912597656,237.8572998046875,50.84907136552516,1.245121234106721,37.35363702320163,134.47309328352586,1.05901304880778,6.641075019836427,near_court
2024-01-01 00:00:02.066460,62,888.55029296875,261.9076843261719,904.4691162109375,281.136962890625,896.5097045898438,271.52232360839844,2.0011377334594727,0.8081021535964239,21.952480936050417,19.200507169451033,905.5814208984375,261.91419219970703,13.21409194573309,0.3235682782247589,9.707048346742768,34.94537404827397,1.1162043071928478,7.320507169451032,near_court
2024-01-01 00:00:02.133120,64,873.3306884765625,285.5590515136719,886.4271240234375,299.3630065917969,879.87890625,292.4610290527344,1.9640154157366072,0.8704197293236142,21.545249110630582,20.681172768729077,896.5097045898438,271.52232360839844,26.739723990819595,0.6547651164716316,19.642953494148948,70.71463257893622,1.2408394586472284,8.801172768729076,near_court
2024-01-01 00:00:02.199780,66,849.5805053710938,320.237548828125,864.5323486328125,337.7112731933594,857.0564270019531,328.9744110107422,1.9130723817007882,0.9790905089605422,20.98640402725765,23.263190492902485,879.87890625,292.4610290527344,43.059175805383234,1.0543731218416386,31.631193655249156,113.87229715889697,1.4581810179210843,11.383190492902484,behind_near_baseline
2024-01-01 00:00:02.233110,67,845.5717163085938,329.2499694824219,860.6921997070312,345.46954345703125,853.1319580078125,337.35975646972656,1.9043124062674386,1.0040468942551386,20.8903070967538,23.856154207502094,857.0564270019531,328.9744110107422,9.258265245308163,0.2267035038862289,6.801105116586867,24.48397841971272,1.5080937885102772,11.976154207502093,behind_near_baseline
2024-01-01 00:00:02.299770,69,823.5110473632812,374.7706604003906,836.6864013671875,388.9851379394531,830.0987243652344,381.8778991699219,1.8528989383152552,1.1365413665771484,20.32630135331835,27.00422286987305,853.1319580078125,337.35975646972656,50.123795561674555,1.2273616904276115,36.820850712828346,132.55506256618204,1.7730827331542969,15.12422286987305,behind_near_baseline
2024-01-01 00:00:02.466420,74,776.7041015625,489.8280944824219,792.926513671875,507.3977966308594,784.8153076171875,498.6129455566406,1.7518198830740792,1.4839670998709542,19.21746411732265,35.25905829293387,830.0987243652344,381.8778991699219,125.21045837823081,3.0659793044848036,91.9793791345441,331.1257648843588,2.0,23.37905829293387,behind_near_baseline
2024-01-01 00:00:02.499750,75,766.025390625,524.4882202148438,783.5216674804688,543.3444213867188,774.7735290527344,533.9163208007812,1.729405198778425,1.5890366690499442,18.971575030599322,37.755511256626676,784.8153076171875,498.6129455566406,36.70375485377635,0.8987504257721576,26.96251277316473,97.06504598339302,2.0,25.875511256626673,behind_near_baseline
2024-01-01 00:00:02.533080,76,761.31787109375,541.3094482421875,781.3789672851562,559.879638671875,771.3484191894531,550.5945434570312,1.721759864262172,1.6386742364792597,18.88770571095603,38.934899858747215,774.7735290527344,533.9163208007812,17.026288161164114,0.41691602930350524,12.507480879105158,45.02693116477857,2.0,27.054899858747213,behind_near_baseline
2024-01-01 00:00:02.566410,77,748.7648315429688,580.1265258789062,766.3665771484375,601.5238647460938,757.5657043457031,590.8251953125,1.6909948757716589,1.7584083193824405,18.5502137872151,41.77978166852679,771.3484191894531,550.5945434570312,42.52609289812618,1.041319730117063,31.239591903511887,112.4625308526428,2.0,29.899781668526785,behind_near_baseline
2024-01-01 00:00:02.599740,78,739.629150390625,620.2551879882812,757.6881103515625,637.8256225585938,748.6586303710938,629.0404052734375,1.6711130142211914,1.872144063313802,18.33210976600647,44.48214294433594,757.5657043457031,590.8251953125,39.23949845688271,0.960842183196436,28.82526549589308,103.7709557852151,2.0,32.60214294433594,behind_near_baseline
2024-01-01 00:00:02.633070,79,729.3004760742188,640.357177734375,749.5629272460938,661.0509033203125,739.4317016601562,650.7040405273438,1.650517191205706,1.9366191682361422,18.106173587526595,46.014071437290745,748.6586303710938,629.0404052734375,23.54674724566033,0.576579949296638,17.29739847889914,62.27063452403691,2.0,34.13407143729074,behind_near_baseline
2024-01-01 00:00:02.666400,80,720.3325805664062,684.5098266601562,738.5733642578125,704.1326904296875,729.4529724121094,694.3212585449219,1.6282432419913155,2.066432317097982,17.861828364644733,49.098431854248055,739.4317016601562,650.7040405273438,44.74412525682861,1.095631817114754,32.868954513442624,118.32823624839345,2.0,37.21843185424805,behind_near_baseline
2024-01-01 00:00:02.966370,89,656.6720581054688,737.0396118164062,670.4080810546875,750.5132446289062,663.5400695800781,743.7764282226562,1.4811162267412459,2.2136203220912387,16.24784500735147,52.59561885288784,729.4529724121094,694.3212585449219,82.40342570305127,2.017780312416233,60.53340937248699,217.92027374095318,2.0,40.715618852887836,behind_near_baseline
2024-01-01 00:00:03.066360,92,633.1455688476562,764.1264038085938,650.151123046875,781.3857421875,641.6483459472656,772.7560729980469,1.4322507722037179,2.2998692648751393,15.711790971074786,54.644893733433314,663.5400695800781,743.7764282226562,36.31896715110806,0.8893282804635166,26.6798484139055,96.0474542900598,2.0,42.76489373343331,behind_near_baseline
2024-01-01 00:00:03.099690,93,625.5781860351562,779.4756469726562,641.130615234375,796.375732421875,633.3544006347656,787.9256896972656,1.4137375014168876,2.3450169336228144,15.508700390543257,55.717602342878074,641.6483459472656,772.7560729980469,17.288921297986093,0.4233470237475613,12.700410712426839,45.72147856473662,2.0,43.83760234287807,behind_near_baseline
2024-01-01 00:00:03.133020,94,622.5160522460938,787.669921875,638.416015625,803.2179565429688,630.4660339355469,795.4439392089844,1.407290254320417,2.3673926762172153,15.437974089894977,56.249249986921036,633.3544006347656,787.9256896972656,8.053988943971493,0.19721486320394482,5.916445896118344,21.29920522602604,2.0,44.369249986921034,behind_near_baseline
2024-01-01 00:00:03.199680,96,627.0382690429688,710.114013671875,645.8984985351562,730.1785278320312,636.4683837890625,720.1462707519531,1.4206883566720145,2.143292472476051,15.584951272692,50.92462914603097,630.4660339355469,795.4439392089844,75.53652810944516,1.8496332887513691,55.48899866254107,199.76039518514787,2.0,39.04462914603097,behind_near_baseline
2024-01-01 00:00:03.233010,97,632.2073364257812,684.8070678710938,651.1210327148438,704.34423828125,641.6641845703125,694.5756530761719,1.4322861262730189,2.0671894436790827,15.712178805215018,49.11642118181501,636.4683837890625,720.1462707519531,26.09315684388178,0.6389328807530873,19.16798642259262,69.00475112133343,2.0,37.236421181815004,behind_near_baseline
2024-01-01 00:00:03.299670,99,645.0836181640625,587.905517578125,662.6456909179688,605.8595581054688,653.8646545410156,596.8825378417969,1.45951931817191,1.7764361245291573,16.010926920345852,42.208122318812784,641.6641845703125,694.5756530761719,98.45199963283072,2.4107554374378415,72.32266312313524,260.36158724328686,2.0,30.32812231881278,behind_near_baseline
2024-01-01 00:00:03.333000,100,647.3479614257812,566.6709594726562,664.4769287109375,585.0626220703125,655.9124450683594,575.8667907714844,1.464090279170445,1.7138892582484655,16.061070362499784,40.72200877598354,653.8646545410156,596.8825378417969,21.11528050884542,0.5170415785313265,15.511247355939794,55.84049048138326,2.0,28.842008775983537,behind_near_baseline
2024-01-01 00:00:03.566310,107,667.4745483398438,406.0074462890625,688.8308715820312,429.7786560058594,678.1527099609375,417.89305114746094,1.5137337275913783,1.2437293188912528,16.60565899167742,29.55100861685617,655.9124450683594,575.8667907714844,159.5316012371555,3.90638764636517,117.1916293909551,421.88986580743835,1.9874586377825056,17.67100861685617,behind_near_baseline
2024-01-01 00:00:03.599640,108,671.1155395507812,396.73883056640625,686.665771484375,412.075927734375,678.8906555175781,404.4073791503906,1.515380927494594,1.2035933903285436,16.623728774615696,28.5973789542062,678.1527099609375,417.89305114746094,13.505847357982839,0.3307123783863209,9.921371351589627,35.71693686572266,1.9071867806570872,16.717378954206197,behind_near_baseline
2024-01-01 00:00:03.666300,110,678.0979614257812,380.5168762207031,687.7802124023438,391.1318664550781,682.9390869140625,385.8243713378906,1.5244176047188895,1.1482868194580078,16.72286112376622,27.283294830322266,678.8906555175781,404.4073791503906,19.018884723649712,0.46570795852329766,13.97123875569893,50.29645952051615,1.7965736389160156,15.403294830322265,behind_near_baseline
2024-01-01 00:00:03.766290,113,679.645751953125,356.92340087890625,691.5016479492188,370.5379333496094,685.5736999511719,363.7306671142578,1.5302984373910087,1.0825317473638625,16.787373858179365,25.720954317365376,682.9390869140625,385.8243713378906,22.250234879135032,0.544832760321677,16.34498280965031,58.84193811474112,1.665063494727725,13.840954317365375,behind_near_baseline
2024-01-01 00:00:03.799620,114,680.84130859375,353.43310546875,691.7172241210938,364.642822265625,686.2792663574219,359.0379638671875,1.5318733624049596,1.0685653686523438,16.804650785582407,25.38911315917969,685.5736999511719,363.7306671142578,4.74544915879338,0.1161999492677754,3.485998478033262,12.549594520919742,1.6371307373046875,13.50911315917969,behind_near_baseline
2024-01-01 00:00:03.832950,115,680.9946899414062,351.54071044921875,692.4554443359375,363.67144775390625,686.7250671386719,357.6060791015625,1.5328684534345354,1.0643038068498885,16.815566934176854,25.28785845075335,686.2792663574219,359.0379638671875,1.4996774048414785,0.03672201145337281,1.1016603436011843,3.9659772369642634,1.628607613699777,13.40785845075335,behind_near_baseline
2024-01-01 00:00:03.866280,116,681.0250854492188,349.17218017578125,693.8432006835938,363.1001892089844,687.4341430664062,356.1361846923828,1.5344512122017997,1.0599291211082822,16.832929797853744,25.183915917532786,686.7250671386719,357.6060791015625,1.6319859819955769,0.03996179960377562,1.1988539881132685,4.3158743572077665,1.6198582422165644,13.303915917532786,behind_near_baseline
2024-01-01 00:00:03.899610,117,681.129638671875,349.30242919921875,692.8209228515625,362.61126708984375,686.9752807617188,355.95684814453125,1.5334269659859794,1.0593953813825334,16.821693816866194,25.171234261648994,687.4341430664062,356.1361846923828,0.4926623712629572,0.012063629939184466,0.36190889817553396,1.3028720334319224,1.6187907627650668,13.291234261648993,behind_near_baseline
2024-01-01 00:00:03.966270,119,680.3095092773438,322.9787292480469,693.77197265625,338.6553039550781,687.0407409667969,330.8170166015625,1.5335730825151717,0.984574454171317,16.823296715191432,23.39348903111049,686.9752807617188,355.95684814453125,25.13991676691264,0.6155912654755171,18.467737964265513,66.48385667135585,1.469148908342634,11.51348903111049,behind_near_baseline
2024-01-01 00:00:04.066260,122,681.243896484375,276.1483154296875,694.9658203125,290.81817626953125,688.1048583984375,283.4832458496094,1.5359483446393694,0.8437001364571708,16.849353340693884,20.04631524222238,687.0407409667969,330.8170166015625,47.345730530923,1.1593363034022885,34.78008910206866,125.20832076744718,1.1874002729143416,8.16631524222238,near_court
2024-01-01 00:00:04.099590,123,681.775634765625,261.2497863769531,694.6871337890625,273.4053955078125,688.2313842773438,267.3275909423828,1.5362307684762138,0.7956178301856631,16.852451530184066,18.903879645211358,688.1048583984375,283.4832458496094,16.156150354568588,0.39560930667325317,11.868279200197595,42.72580512071134,1.0912356603713262,7.023879645211357,near_court
2024-01-01 00:00:04.132920,124,681.876953125,254.2650604248047,696.2137451171875,267.69464111328125,689.0453491210938,260.97985076904297,1.5380476542881556,0.7767257463364374,16.87238276754107,18.455003732953756,688.2313842773438,267.3275909423828,6.399714374493092,0.15670729171470807,4.7012187514412425,16.924387505188474,1.0534514926728749,6.575003732953755,near_court
2024-01-01 00:00:04.199580,126,681.5181884765625,231.2855682373047,696.9920654296875,246.16732788085938,689.255126953125,238.72644805908203,1.538515908377511,0.7104953811282203,16.877519514901298,16.881370255606516,689.0453491210938,260.97985076904297,22.254391452261924,0.5449345406948958,16.348036220846872,58.85293039504874,0.9209907622564406,5.001370255606515,near_court
2024-01-01 00:00:04.232910,127,681.6036376953125,226.6356964111328,696.2365112304688,242.4497833251953,688.9200744628906,234.54273986816406,1.5377680233546667,0.6980438686552501,16.869315216200693,16.585522319248746,689.255126953125,238.72644805908203,4.197103095942052,0.10277281464840247,3.0831844394520744,11.099463982027467,0.8960877373105003,4.705522319248745,near_court
2024-01-01 00:00:04.499550,135,752.323486328125,231.55435180664062,762.2432250976562,243.1226806640625,757.2833557128906,237.33851623535156,1.6903646332877023,0.706364631652832,18.543300027166094,16.78322364807129,688.9200744628906,234.54273986816406,68.42042523078854,1.6753840731735496,50.26152219520649,180.94147990274337,0.9127292633056641,4.903223648071288,near_court
2024-01-01 00:00:04.532880,136,753.3256225585938,230.30772399902344,769.4656372070312,246.3789825439453,761.3956298828125,238.34335327148438,1.6995438167027064,0.709355218069894,18.64399566922869,16.85427998134068,757.2833557128906,237.33851623535156,4.233260719326276,0.10365819216743137,3.109745765022941,11.195084754082588,0.918710436139788,4.974279981340681,near_court
2024-01-01 00:00:04.566210,137,768.9437255859375,236.48849487304688,782.7506103515625,250.97140502929688,775.84716796875,243.72994995117188,1.7318017142159599,0.7253867558070591,18.99786480494908,17.235189317975728,761.3956298828125,238.34335327148438,15.422787583278273,0.3776517405994702,11.329552217984107,40.78638798474279,0.9507735116141183,5.355189317975727,near_court
2024-01-01 00:00:04.666200,140,800.8936157226562,251.76296997070312,813.6886596679688,266.31793212890625,807.2911376953125,259.0404510498047,1.8019891466413225,0.770953723362514,19.76782093865531,18.317860467093332,775.84716796875,243.72994995117188,34.9733423632374,0.8563784949212373,25.69135484763712,92.48887745149362,1.041907446725028,6.437860467093332,near_court
2024-01-01 00:00:04.699530,141,814.3635864257812,258.39825439453125,829.8103637695312,271.7654113769531,822.0869750976562,265.0818328857422,1.8350155694144112,0.7889340264456612,20.130120796476092,18.745072468348912,807.2911376953125,259.0404510498047,15.98171138909065,0.39133788825518845,11.740136647655653,42.26449193156035,1.0778680528913225,6.865072468348911,near_court
2024-01-01 00:00:04.732860,142,818.998046875,261.1754150390625,833.388671875,278.0817565917969,826.193359375,269.6285858154297,1.8441816057477678,0.8024660292125884,20.230672215053016,19.066592854091102,822.0869750976562,265.0818328857422,6.126610321934782,0.15001990007059054,4.500597002117717,16.20214920762378,1.1049320584251767,7.186592854091101,near_court
2024-01-01 00:00:04.799520,144,848.5960693359375,283.93353271484375,859.0440673828125,294.8636169433594,853.820068359375,289.39857482910156,1.9058483668736048,0.8613052822294689,20.907156584603445,20.46461350577218,826.193359375,269.6285858154297,33.97186357720243,0.8318556773256934,24.955670319770803,89.8404131511749,1.2226105644589378,8.58461350577218,near_court
2024-01-01 00:00:04.832850,145,849.5936889648438,284.4496154785156,865.7283935546875,300.1978759765625,857.6610412597656,292.32374572753906,1.9144219670976912,0.8700111479986281,21.001208979061673,20.671464876447406,853.820068359375,289.39857482910156,4.828011765375145,0.11822162737983334,3.5466488213950003,12.767935757022002,1.2400222959972562,8.791464876447405,near_court
2024-01-01 00:00:04.966170,149,897.6185913085938,327.3121032714844,916.5943603515625,345.4366760253906,907.1064758300781,336.3743896484375,2.0247912406921387,1.001114254906064,22.211959910392764,23.786474696568085,857.6610412597656,292.32374572753906,66.22167492364446,1.6215441381972762,48.646324145918285,175.12676692530584,1.5022285098121282,11.906474696568084,behind_near_baseline
2024-01-01 00:00:04.999500,150,914.6467895507812,342.0978698730469,931.3423461914062,362.0213928222656,922.9945678710938,352.05963134765625,2.06025573185512,1.0477965218680245,22.601005378450665,24.895645359584265,907.1064758300781,336.3743896484375,22.326179159603075,0.5466923780822449,16.400771342467348,59.04277683288245,1.595593043736049,13.015645359584264,behind_near_baseline
2024-01-01 00:00:05.032830,151,921.3578491210938,352.1183166503906,936.4614868164062,366.5717468261719,928.90966796875,359.34503173828125,2.0734590802873885,1.069479261125837,22.74584611075265,25.41082724434989,922.9945678710938,352.05963134765625,9.384320327919966,0.22979016517250453,6.893704955175136,24.81733783863049,1.638958522251674,13.530827244349888,behind_near_baseline
2024-01-01 00:00:05.366130,161,1053.1806640625,523.0081176757812,1069.8839111328125,538.5922241210938,1061.5322875976562,530.8001708984375,2.3694917133876254,1.5797624133882069,25.993324095862253,37.5351549421038,928.90966796875,359.34503173828125,216.76167553712554,5.307757992505061,159.23273977515183,573.2378631905466,2.0,25.6551549421038,behind_near_baseline
2024-01-01 00:00:05.399460,162,1066.0489501953125,547.6144409179688,1084.830810546875,565.301513671875,1075.4398803710938,556.4579772949219,2.400535447256906,1.6561249324253626,26.333873856408257,39.34952839442662,1061.5322875976562,530.8001708984375,29.184656342524327,0.7146332144586872,21.438996433760618,77.18038716153822,2.0,27.469528394426618,behind_near_baseline
2024-01-01 00:00:05.432790,163,1077.94580078125,561.962646484375,1094.7454833984375,579.6013793945312,1086.3456420898438,570.7820129394531,2.4248786653791154,1.6987559908912295,26.600918959208897,40.362442343575616,1075.4398803710938,556.4579772949219,18.003156273608102,0.44083621500330555,13.225086450099166,47.610311220357,2.0,28.482442343575613,behind_near_baseline
2024-01-01 00:00:05.466120,164,1090.476318359375,586.4163208007812,1111.0042724609375,604.899169921875,1100.7402954101562,595.6577453613281,2.457009587969099,1.7727909088134766,26.953395180021015,42.121511993408205,1086.3456420898438,570.7820129394531,28.740356778173556,0.7037538255726873,21.11261476718062,76.00541316185023,2.0,30.241511993408203,behind_near_baseline
2024-01-01 00:00:05.499450,165,1111.5274658203125,619.2596435546875,1127.21875,635.7590942382812,1119.3731079101562,627.5093688964844,2.4986006872994557,1.867587407430013,27.40964953967503,44.37387680053711,1100.7402954101562,595.6577453613281,36.90132278774673,0.9035881941553161,27.107645824659482,97.58752496877413,2.0,32.49387680053711,behind_near_baseline
2024-01-01 00:00:05.899410,177,1251.6185302734375,715.8673706054688,1263.07470703125,727.7963256835938,1257.3466186523438,721.8318481445312,2.806577273777553,2.148309071858724,30.788152693339757,51.04382354736329,1119.3731079101562,627.5093688964844,167.13294037389147,4.092518651566048,122.77555954698146,441.99201436913324,2.0,39.163823547363286,behind_near_baseline
2024-01-01 00:00:05.999400,180,1280.6451416015625,731.1873779296875,1294.3077392578125,746.4662475585938,1287.4764404296875,738.8268127441406,2.873831340244838,2.1988893236432756,31.525929802485877,52.24561032976423,1257.3466186523438,721.8318481445312,34.59241220378355,0.8470508077578249,25.41152423273475,91.4814872378451,2.0,40.36561032976423,behind_near_baseline
2024-01-01 00:00:06.066060,182,1294.8912353515625,739.127197265625,1314.16015625,760.5648193359375,1304.5256958007812,749.8460083007812,2.9118877138410295,2.23168454851423,31.943408220836094,53.02482487269811,1287.4764404296875,738.8268127441406,20.300240871089624,0.49708402311574373,14.912520693472311,53.68507449650032,2.0,41.14482487269811,behind_near_baseline
2024-01-01 00:00:06.166050,185,1280.1461181640625,608.9322509765625,1298.3028564453125,627.866455078125,1289.2244873046875,618.3993530273438,2.8777332305908203,1.8404742649623327,31.568733539581302,43.72966853550503,1304.5256958007812,749.8460083007812,132.33423655280913,3.240416462018563,97.21249386055689,349.9649778980048,2.0,31.849668535505025,behind_near_baseline
2024-01-01 00:00:06.199380,186,1270.389404296875,559.7135009765625,1287.1651611328125,578.2666625976562,1278.7772827148438,568.9900817871094,2.8544135774884904,1.693422862461635,31.31291694504874,40.23572721208845,1289.2244873046875,618.3993530273438,50.50168480588647,1.2366149158941397,37.09844747682419,133.5544109165671,2.0,28.355727212088446,behind_near_baseline
2024-01-01 00:00:06.232710,187,1269.177001953125,540.05419921875,1286.57568359375,557.1505737304688,1277.8763427734375,548.6023864746094,2.852402550833566,1.6327451978410994,31.29085598264422,38.794025900704526,1278.7772827148438,568.9900817871094,20.407592041526005,0.4997126890525453,14.991380671576358,53.96897041767489,2.0,26.914025900704523,behind_near_baseline
2024-01-01 00:00:06.499350,195,1226.260498046875,370.8285827636719,1240.02197265625,386.6401062011719,1233.1412353515625,378.7343444824219,2.752547400338309,1.127185549054827,30.19544498171125,26.781928645542692,1277.8763427734375,548.6023864746094,175.65984608414718,4.301313641837265,129.03940925511793,464.54187331842456,1.754371098109654,14.901928645542691,behind_near_baseline
2024-01-01 00:00:06.632670,199,1209.8643798828125,346.052490234375,1225.644775390625,362.375244140625,1217.7545776367188,354.2138671875,2.7182021822248186,1.0542079380580358,29.81867793900626,25.047980608258932,1233.1412353515625,378.7343444824219,28.948282201273013,0.708845213723136,21.265356411694082,76.5552830820987,1.6084158761160716,13.167980608258931,behind_near_baseline
2024-01-01 00:00:06.899310,207,1186.144775390625,272.2927551269531,1202.790283203125,289.92169189453125,1194.467529296875,281.1072235107422,2.666222163609096,0.8366286414010184,29.248457134791785,19.8782965196882,1217.7545776367188,354.2138671875,76.72592762595089,1.8787576474479493,56.36272942343848,202.90582592437855,1.173257282802037,7.998296519688198,near_court
2024-01-01 00:00:06.932640,208,1185.1131591796875,261.9133605957031,1202.0035400390625,279.95758056640625,1193.558349609375,270.9354705810547,2.6641927446637834,0.8063555672055199,29.226194408961707,19.159008276803156,1194.467529296875,281.1072235107422,10.21230460605092,0.25006469091155936,7.501940727346781,27.006986618448412,1.1127111344110399,7.279008276803156,near_court
2024-01-01 00:00:06.965970,209,1185.0655517578125,248.47329711914062,1198.98193359375,265.60711669921875,1192.0237426757812,257.0402069091797,2.66076728275844,0.76500061580113,29.18861709186009,18.17641463143485,1193.558349609375,270.9354705810547,13.97974860115743,0.34231661195244867,10.26949835857346,36.97019409086445,1.03000123160226,6.296414631434848,near_court
2024-01-01 00:00:06.999300,210,1185.1158447265625,233.993408203125,1195.525634765625,244.39279174804688,1190.3207397460938,239.19309997558594,2.656965936933245,0.7118842261178153,29.146916328157698,16.914369212559293,1192.0237426757812,257.0402069091797,17.92817461086472,0.4390001684847901,13.170005054543704,47.41201819635734,0.9237684522356306,5.034369212559293,near_court
2024-01-01 00:00:07.032630,211,1184.2364501953125,226.54934692382812,1196.43310546875,241.98033142089844,1190.3347778320312,234.26483917236328,2.6569972719464983,0.6972167832510812,29.147260073253086,16.565870770045688,1190.3207397460938,239.19309997558594,4.9282807968334765,0.1206768757617483,3.6203062728524493,13.033102582268818,0.8944335665021623,4.685870770045687,near_court
2024-01-01 00:00:07.065960,212,1180.803955078125,214.32920837402344,1193.79052734375,231.51136779785156,1187.2972412109375,222.9202880859375,2.650217056274414,0.6634532383510044,29.072881107330325,15.763648943219867,1190.3347778320312,234.26483917236328,11.744167406717686,0.2875748135082434,8.627244405247302,31.058079858890288,0.8269064767020089,3.8836489432198658,near_court
2024-01-01 00:00:07.099290,213,1182.6361083984375,207.7803497314453,1192.3699951171875,219.0908660888672,1187.5030517578125,213.43560791015625,2.6506764548165456,0.6352250235421317,29.077920709337505,15.092946559361051,1187.2972412109375,222.9202880859375,9.486912881336206,0.2323023087237906,6.9690692617137175,25.088649342169383,0.7704500470842635,3.2129465593610504,near_service_area
